{
  "config": {
    "checkpoint": "acestep-v15-xl-turbo",
    "decoder_backend": "eager",
    "vae_backend": "eager",
    "trt_profile_checkpoint": "acestep-v15-turbo",
    "picked_trt_profile_s": null,
    "trt_engines": null,
    "fast_vae": false,
    "audio": "D:\\huggingface_cache\\hub\\datasets--daydreamlive--demon-fixtures\\snapshots\\6638f9aaa3f801bb260e9f0682e53aba1d4e2195\\inside_confusion_loop_60s_gsm.wav",
    "duration_s": 56.6,
    "steps": 8,
    "depth": 4,
    "vae_window_s": 3.0,
    "prompt": "heavy dubstep, deathstep, afxdump, growl heavy bass distortion",
    "bpm": 134,
    "key": "G# minor",
    "denoise": 0.7,
    "denoise_pattern": "sine",
    "shift": 3.5,
    "noise_share": 0.0,
    "seed": 557,
    "vary_seed": false,
    "skip_threshold": -1.0,
    "decode": true,
    "dcw_enabled": true,
    "dcw_mode": "double",
    "dcw_scaler": 0.05,
    "dcw_high_scaler": 0.02,
    "dcw_wavelet": "haar"
  },
  "setup_timings_ms": {
    "load_audio": 270.7209000363946,
    "model_load": 9320.396300405264,
    "detect_metadata": 2400.63890023157,
    "prepare_source": 377.79470020905137,
    "text_encode": 157.17820031568408,
    "stream_setup": 7.596599869430065
  },
  "warmup_tick_ms": [
    207.3672995902598,
    209.01319989934564,
    200.2894002944231,
    202.11909990757704
  ],
  "tick_ms": [
    199.5832002721727,
    204.27480014041066,
    200.37929993122816,
    201.37599995359778,
    201.46129978820682,
    197.9585997760296,
    197.81749974936247,
    202.85840006545186,
    202.24810019135475,
    200.0768999569118,
    202.05239998176694,
    198.84629966691136,
    199.9626997858286,
    203.39970011264086,
    203.01990024745464,
    206.80689997971058,
    198.36749974638224,
    203.7309999577701,
    205.01510007306933,
    203.1124997884035,
    208.69870018213987,
    209.7442001104355,
    198.23879981413484,
    198.35809990763664
  ],
  "decode_ms": [
    9.95490001514554,
    9.850800037384033,
    10.254499968141317,
    10.193800088018179,
    9.823400061577559,
    10.232000146061182,
    9.795799851417542,
    9.83099965378642,
    10.166999883949757,
    10.357300285249949,
    9.716200176626444,
    9.864999912679195,
    10.494699701666832,
    10.244800243526697,
    9.807500056922436,
    9.621599689126015,
    9.849600028246641,
    9.791300166398287,
    9.821699932217598,
    9.82460007071495,
    9.835800155997276,
    10.173100046813488,
    10.311900172382593,
    9.750899858772755
  ],
  "tick_decode_ms": [
    209.53810028731823,
    214.1256001777947,
    210.63379989936948,
    211.56980004161596,
    211.28469984978437,
    208.19059992209077,
    207.61329960078,
    212.68939971923828,
    212.4151000753045,
    210.43420024216175,
    211.76860015839338,
    208.71129957959056,
    210.45739948749542,
    213.64450035616755,
    212.82740030437708,
    216.4284996688366,
    208.21709977462888,
    213.5223001241684,
    214.83680000528693,
    212.93709985911846,
    218.53450033813715,
    219.91730015724897,
    208.55069998651743,
    208.1089997664094
  ],
  "stats": {
    "tick": {
      "count": 24,
      "mean_ms": 201.9744957991255,
      "median_ms": 201.75684988498688,
      "p90_ms": 206.2693600077182,
      "p95_ms": 208.41493015177548,
      "min_ms": 197.81749974936247,
      "max_ms": 209.7442001104355
    },
    "decode": {
      "count": 24,
      "mean_ms": 9.982050008450946,
      "median_ms": 9.850200032815337,
      "p90_ms": 10.29468011111021,
      "p95_ms": 10.350490268319845,
      "min_ms": 9.621599689126015,
      "max_ms": 10.494699701666832
    },
    "tick_decode": {
      "count": 24,
      "mean_ms": 211.95654580757642,
      "median_ms": 211.66920010000467,
      "p90_ms": 215.9509897697717,
      "p95_ms": 218.21860023774207,
      "min_ms": 207.61329960078,
      "max_ms": 219.91730015724897
    },
    "decoded_measured": 24,
    "skipped_measured": 0,
    "run_wall_ms": 12395.02209983766,
    "cuda_peak_allocated_gb": 13.007328987121582,
    "cuda_peak_reserved_gb": 15.521484375
  }
}