{
  "config": {
    "checkpoint": "acestep-v15-turbo",
    "decoder_backend": "eager",
    "vae_backend": "eager",
    "trt_profile_checkpoint": "acestep-v15-turbo",
    "picked_trt_profile_s": null,
    "trt_engines": null,
    "fast_vae": false,
    "audio": "D:\\huggingface_cache\\hub\\datasets--daydreamlive--demon-fixtures\\snapshots\\6638f9aaa3f801bb260e9f0682e53aba1d4e2195\\inside_confusion_loop_60s_gsm.wav",
    "duration_s": 56.6,
    "steps": 8,
    "depth": 4,
    "vae_window_s": 3.0,
    "prompt": "heavy dubstep, deathstep, afxdump, growl heavy bass distortion",
    "bpm": 134,
    "key": "G# minor",
    "denoise": 0.7,
    "denoise_pattern": "sine",
    "shift": 3.5,
    "noise_share": 0.0,
    "seed": 557,
    "vary_seed": false,
    "skip_threshold": -1.0,
    "decode": true,
    "dcw_enabled": true,
    "dcw_mode": "double",
    "dcw_scaler": 0.05,
    "dcw_high_scaler": 0.02,
    "dcw_wavelet": "haar"
  },
  "setup_timings_ms": {
    "load_audio": 270.56710002943873,
    "model_load": 5880.242200102657,
    "detect_metadata": 2473.494399804622,
    "prepare_source": 589.3116998486221,
    "text_encode": 143.84240005165339,
    "stream_setup": 7.8234001994133
  },
  "warmup_tick_ms": [
    88.76569988206029,
    93.8833998516202,
    91.37759963050485,
    91.34919987991452
  ],
  "tick_ms": [
    89.18960019946098,
    90.26460023596883,
    89.25980003550649,
    89.89479998126626,
    88.3975001052022,
    92.70570008084178,
    90.87070031091571,
    89.79859994724393,
    91.37989999726415,
    92.06029959022999,
    90.69170011207461,
    90.06319986656308,
    93.15309999510646,
    91.07800014317036,
    91.00709995254874,
    90.33810021355748,
    90.73199983686209,
    90.41790012270212,
    91.98779985308647,
    93.77770032733679,
    89.87529994919896,
    89.04699981212616,
    89.84060026705265,
    89.07479979097843
  ],
  "decode_ms": [
    9.681799914687872,
    9.90969967097044,
    9.702200070023537,
    10.531799867749214,
    9.851000271737576,
    10.790800210088491,
    10.253500193357468,
    10.241799987852573,
    9.810300078243017,
    10.986799839884043,
    9.844500105828047,
    10.325400158762932,
    10.34650020301342,
    9.929300285875797,
    10.665399953722954,
    10.530099738389254,
    9.793699719011784,
    10.218599811196327,
    10.300499852746725,
    10.840700007975101,
    9.7378003410995,
    10.594400111585855,
    9.816100355237722,
    10.11740043759346
  ],
  "tick_decode_ms": [
    98.87140011414886,
    100.17429990693927,
    98.96200010553002,
    100.42659984901547,
    98.24850037693977,
    103.49650029093027,
    101.12420050427318,
    100.0403999350965,
    101.19020007550716,
    103.04709943011403,
    100.53620021790266,
    100.38860002532601,
    103.49960019811988,
    101.00730042904615,
    101.6724999062717,
    100.86819995194674,
    100.52569955587387,
    100.63649993389845,
    102.2882997058332,
    104.61840033531189,
    99.61310029029846,
    99.64139992371202,
    99.65670062229037,
    99.19220022857189
  ],
  "stats": {
    "tick": {
      "count": 24,
      "mean_ms": 90.62107503026103,
      "median_ms": 90.3780001681298,
      "p90_ms": 92.51207993365824,
      "p95_ms": 93.08599000796676,
      "min_ms": 88.3975001052022,
      "max_ms": 93.77770032733679
    },
    "decode": {
      "count": 24,
      "mean_ms": 10.200837549443046,
      "median_ms": 10.23019989952445,
      "p90_ms": 10.75318013317883,
      "p95_ms": 10.83321503829211,
      "min_ms": 9.681799914687872,
      "max_ms": 10.986799839884043
    },
    "tick_decode": {
      "count": 24,
      "mean_ms": 100.82191257970408,
      "median_ms": 100.53094988688827,
      "p90_ms": 103.3616800326854,
      "p95_ms": 103.49913521204144,
      "min_ms": 98.24850037693977,
      "max_ms": 104.61840033531189
    },
    "decoded_measured": 24,
    "skipped_measured": 0,
    "run_wall_ms": 5766.084900125861,
    "cuda_peak_allocated_gb": 8.130325317382812,
    "cuda_peak_reserved_gb": 10.640625
  }
}