{
  "config": {
    "checkpoint": "acestep-v15-turbo",
    "decoder_backend": "eager",
    "vae_backend": "eager",
    "trt_profile_checkpoint": "acestep-v15-turbo",
    "picked_trt_profile_s": null,
    "trt_engines": null,
    "fast_vae": false,
    "audio": "D:\\huggingface_cache\\hub\\datasets--daydreamlive--demon-fixtures\\snapshots\\6638f9aaa3f801bb260e9f0682e53aba1d4e2195\\inside_confusion_loop_60s_gsm.wav",
    "duration_s": 56.6,
    "steps": 8,
    "depth": 4,
    "vae_window_s": 3.0,
    "prompt": "heavy dubstep, deathstep, afxdump, growl heavy bass distortion",
    "bpm": 134,
    "key": "G# minor",
    "denoise": 0.7,
    "denoise_pattern": "sine",
    "shift": 3.5,
    "noise_share": 0.0,
    "seed": 557,
    "vary_seed": false,
    "skip_threshold": -1.0,
    "decode": true,
    "dcw_enabled": true,
    "dcw_mode": "double",
    "dcw_scaler": 0.05,
    "dcw_high_scaler": 0.02,
    "dcw_wavelet": "haar"
  },
  "setup_timings_ms": {
    "load_audio": 276.48040000349283,
    "model_load": 5857.990200165659,
    "detect_metadata": 2710.346099920571,
    "prepare_source": 397.7771997451782,
    "text_encode": 166.94540018215775,
    "stream_setup": 8.150599896907806
  },
  "warmup_tick_ms": [
    89.84720008447766,
    88.98930018767715,
    90.33330017700791,
    90.41710011661053
  ],
  "tick_ms": [
    89.67440016567707,
    90.38920002058148,
    89.55049980431795,
    89.9753998965025,
    89.56360025331378,
    88.78260012716055,
    89.28410010412335,
    91.05759998783469,
    90.5279996804893,
    93.45200005918741,
    91.50819992646575,
    92.25380001589656,
    88.97690009325743,
    89.97440012171865,
    88.60180014744401,
    91.61569969728589,
    90.71249980479479,
    90.20690014585853,
    88.78889959305525,
    90.52739990875125,
    90.08549991995096,
    88.66470027714968,
    91.41740016639233,
    91.17700019851327
  ],
  "decode_ms": [
    9.805399924516678,
    9.921700228005648,
    9.95550025254488,
    10.76079998165369,
    9.917499963194132,
    9.986499790102243,
    9.784100111573935,
    10.034199804067612,
    9.77669982239604,
    10.984500404447317,
    10.367899667471647,
    10.174499824643135,
    9.908700361847878,
    9.896700270473957,
    9.8365000449121,
    11.705399956554174,
    10.12639980763197,
    10.016700252890587,
    9.927100036293268,
    9.982400108128786,
    10.229799896478653,
    9.945299942046404,
    10.762100107967854,
    10.031499899923801
  ],
  "tick_decode_ms": [
    99.47980009019375,
    100.31090024858713,
    99.50600005686283,
    100.73619987815619,
    99.48110021650791,
    98.76909991726279,
    99.06820021569729,
    101.0917997919023,
    100.30469950288534,
    104.43650046363473,
    101.8760995939374,
    102.4282998405397,
    98.8856004551053,
    99.8711003921926,
    98.43830019235611,
    103.32109965384007,
    100.83889961242676,
    100.22360039874911,
    98.71599962934852,
    100.50980001688004,
    100.31529981642962,
    98.61000021919608,
    102.17950027436018,
    101.20850009843707
  ],
  "stats": {
    "tick": {
      "count": 24,
      "mean_ms": 90.2820208381551,
      "median_ms": 90.14620003290474,
      "p90_ms": 91.58344976603985,
      "p95_ms": 92.15808496810496,
      "min_ms": 88.60180014744401,
      "max_ms": 93.45200005918741
    },
    "decode": {
      "count": 24,
      "mean_ms": 10.159912519156933,
      "median_ms": 9.984449949115515,
      "p90_ms": 10.761710070073605,
      "p95_ms": 10.951140359975398,
      "min_ms": 9.77669982239604,
      "max_ms": 11.705399956554174
    },
    "tick_decode": {
      "count": 24,
      "mean_ms": 100.44193335731204,
      "median_ms": 100.30779987573624,
      "p90_ms": 102.35365997068584,
      "p95_ms": 103.18717968184501,
      "min_ms": 98.43830019235611,
      "max_ms": 104.43650046363473
    },
    "decoded_measured": 24,
    "skipped_measured": 0,
    "run_wall_ms": 5722.354700323194,
    "cuda_peak_allocated_gb": 8.130325317382812,
    "cuda_peak_reserved_gb": 10.640625
  }
}