{
  "config": {
    "checkpoint": "acestep-v15-xl-turbo",
    "decoder_backend": "eager",
    "vae_backend": "eager",
    "trt_profile_checkpoint": "acestep-v15-turbo",
    "picked_trt_profile_s": null,
    "trt_engines": null,
    "fast_vae": false,
    "audio": "D:\\huggingface_cache\\hub\\datasets--daydreamlive--demon-fixtures\\snapshots\\6638f9aaa3f801bb260e9f0682e53aba1d4e2195\\inside_confusion_loop_60s_gsm.wav",
    "duration_s": 56.6,
    "steps": 8,
    "depth": 4,
    "vae_window_s": 3.0,
    "prompt": "heavy dubstep, deathstep, afxdump, growl heavy bass distortion",
    "bpm": 134,
    "key": "G# minor",
    "denoise": 0.7,
    "denoise_pattern": "sine",
    "shift": 3.5,
    "noise_share": 0.0,
    "seed": 557,
    "vary_seed": false,
    "skip_threshold": -1.0,
    "decode": true,
    "dcw_enabled": true,
    "dcw_mode": "double",
    "dcw_scaler": 0.05,
    "dcw_high_scaler": 0.02,
    "dcw_wavelet": "haar"
  },
  "setup_timings_ms": {
    "load_audio": 306.55300011858344,
    "model_load": 13316.50870013982,
    "detect_metadata": 2513.0282999016345,
    "prepare_source": 384.8572997376323,
    "text_encode": 148.81960023194551,
    "stream_setup": 7.74399982765317
  },
  "warmup_tick_ms": [
    200.66519966349006,
    202.6149001903832,
    201.86609961092472,
    200.7718998938799
  ],
  "tick_ms": [
    202.89790024980903,
    201.9539000466466,
    201.52289979159832,
    200.42150001972914,
    202.63210032135248,
    200.27199992910028,
    206.55549969524145,
    209.91350011900067,
    200.37009986117482,
    200.7191996090114,
    198.5021997243166,
    202.76759983971715,
    202.94370036572218,
    200.21039992570877,
    201.08530018478632,
    203.0750997364521,
    201.50159997865558,
    201.30869979038835,
    203.02650006487966,
    199.26749961450696,
    200.91089978814125,
    200.15199994668365,
    199.9069000594318,
    201.80619973689318
  ],
  "decode_ms": [
    9.98089974746108,
    11.372600216418505,
    9.802500251680613,
    10.127400048077106,
    10.268100071698427,
    9.899599943310022,
    10.658999904990196,
    10.513300076127052,
    9.840100072324276,
    9.573099669069052,
    9.781499858945608,
    9.968100115656853,
    10.095899924635887,
    9.791099932044744,
    9.780599735677242,
    11.134599801152945,
    9.64870024472475,
    10.167500004172325,
    9.95490001514554,
    9.912500157952309,
    10.171599686145782,
    9.966099634766579,
    10.215399786829948,
    9.909400250762701
  ],
  "tick_decode_ms": [
    212.8787999972701,
    213.3265002630651,
    211.32540004327893,
    210.54890006780624,
    212.9002003930509,
    210.1715998724103,
    217.21449960023165,
    220.42680019512773,
    210.2101999334991,
    210.29229927808046,
    208.2836995832622,
    212.735699955374,
    213.03960029035807,
    210.00149985775352,
    210.86589992046356,
    214.20969953760505,
    211.15030022338033,
    211.47619979456067,
    212.9814000800252,
    209.17999977245927,
    211.08249947428703,
    210.11809958145022,
    210.12229984626174,
    211.71559998765588
  ],
  "stats": {
    "tick": {
      "count": 24,
      "mean_ms": 201.8217999332895,
      "median_ms": 201.40514988452196,
      "p90_ms": 203.06051983498037,
      "p95_ms": 206.03343970142305,
      "min_ms": 198.5021997243166,
      "max_ms": 209.91350011900067
    },
    "decode": {
      "count": 24,
      "mean_ms": 10.105604131240398,
      "median_ms": 9.967099875211716,
      "p90_ms": 10.615289956331253,
      "p95_ms": 11.063259816728532,
      "min_ms": 9.573099669069052,
      "max_ms": 11.372600216418505
    },
    "tick_decode": {
      "count": 24,
      "mean_ms": 211.9274040645299,
      "median_ms": 211.23785013332963,
      "p90_ms": 213.94473975524306,
      "p95_ms": 216.76377959083766,
      "min_ms": 208.2836995832622,
      "max_ms": 220.42680019512773
    },
    "decoded_measured": 24,
    "skipped_measured": 0,
    "run_wall_ms": 12229.55230018124,
    "cuda_peak_allocated_gb": 13.007328987121582,
    "cuda_peak_reserved_gb": 15.521484375
  }
}